timestamp_ms,location,ssid,bssid,rssi,channel
425783,ESC,iPhone de Nassim,EA:D9:43:F8:A8:D2,-46,1
425783,ESC,eduroam,E4:AA:5D:E9:D4:02,-63,11
425783,ESC,CONGRES,E4:AA:5D:E9:D4:01,-63,11
425783,ESC,SCAI,E4:AA:5D:E9:D4:03,-63,11
425783,ESC,eduspot,E4:AA:5D:E9:D4:00,-64,11
425783,ESC,eduspot,E4:AA:5D:E2:A1:00,-66,6
425783,ESC,eduroam,E4:AA:5D:E2:A1:02,-66,6
425783,ESC,CONGRES,E4:AA:5D:E2:A1:01,-66,6
425783,ESC,SCAI,E4:AA:5D:E2:A1:03,-66,6
425783,ESC,SCAI,E4:AA:5D:E2:A2:03,-69,1
425783,ESC,eduroam,E4:AA:5D:E2:A2:02,-69,1
425783,ESC,CONGRES,E4:AA:5D:E2:A2:01,-70,1
425783,ESC,eduspot,E4:AA:5D:E2:A2:00,-70,1
425783,ESC,eduroam,E4:AA:5D:DE:DC:C2,-70,1
425783,ESC,CONGRES,E4:AA:5D:DE:DC:C1,-70,1
425783,ESC,SCAI,E4:AA:5D:DE:DC:C3,-71,1
425783,ESC,eduspot,E4:AA:5D:DE:DC:C0,-71,1
425783,ESC,eduspot,58:97:BD:D7:A6:60,-72,1
425783,ESC,eduroam,58:97:BD:D7:A6:62,-72,1
425783,ESC,CONGRES,58:97:BD:D7:A6:61,-72,1
425783,ESC,eduroam,58:97:BD:07:D6:64,-72,1
425783,ESC,SCAI,58:97:BD:D7:A6:63,-72,1
425783,ESC,CONGRES,58:97:BD:07:D6:62,-72,1
425783,ESC,eduspot,58:97:BD:07:D6:61,-72,1
425783,ESC,eduroam,E4:AA:5D:DE:D3:32,-72,11
425783,ESC,CONGRES,E4:AA:5D:DE:D3:31,-73,11
425783,ESC,SCAI,E4:AA:5D:DE:D3:33,-73,11
425783,ESC,eduspot,E4:AA:5D:DE:D3:30,-73,11
425783,ESC,CONGRES,00:F6:63:C7:2A:72,-78,1
425783,ESC,eduroam,00:F6:63:C7:2A:74,-78,1
425783,ESC,PPIAdmin,04:D9:F5:74:E0:B0,-78,9
425783,ESC,eduspot,00:F6:63:C7:2A:71,-80,1
425783,ESC,Yes, Eduroam probpem! ,26:83:60:2B:2F:EA,"-80,6"
425783,ESC,Conan Edogawa,26:DD:34:F0:65:5A,-80,13
425783,ESC,ISCD,E8:65:D4:72:F9:69,-81,11
425783,ESC,eduspot,00:F6:63:DD:3C:F1,-83,11
425783,ESC,eduroam,00:F6:63:DD:3C:F4,-84,11
425783,ESC,CONGRES,00:F6:63:DD:3C:F2,-85,11
425783,ESC,CONGRES,00:F6:63:DD:3D:C2,-86,1
425783,ESC,NEN,B6:C9:A7:A1:CB:A7,-86,11
425783,ESC,Ni༼ つ ◕_◕ ༽つ,8E:74:39:71:72:01,-87,6
425783,ESC,SOULEYMANE's Galaxy S23+,16:A9:69:BC:51:E1,-87,11
425783,ESC,ISCD,E8:65:D4:72:F9:79,-88,6
425783,ESC,Galaxy S10a0d5,02:18:46:E1:72:FC,-88,11
425783,ESC,Redmi Note 11,5E:DF:17:E6:E5:6C,-89,11
425783,ESC,ISCD,E8:65:D4:72:F9:71,-90,1
425783,ESC,Em,FE:A6:21:57:A7:48,-90,6
425783,ESC,,E8:65:D4:72:A0:E1,-90,11
425783,ESC,ISIR,E8:65:D4:4E:A6:81,-92,6
425783,ESC,fablabstaff,08:5A:11:28:8A:10,-92,6
460980,TOUR 66,iPhone de Nassim,EA:D9:43:F8:A8:D2,-54,1
460980,TOUR 66,CONGRES,00:F6:63:C7:2A:72,-75,1
460980,TOUR 66,eduroam,00:F6:63:C7:2A:74,-75,1
460980,TOUR 66,eduspot,00:F6:63:C7:2A:71,-75,1
460980,TOUR 66,ISIR,E8:65:D4:72:AC:59,-85,6
460980,TOUR 66,,E8:65:D4:72:A0:E1,-85,11
460980,TOUR 66,ISIR,E8:65:D4:4E:A6:81,-88,6
460980,TOUR 66,SWIU,90:4C:81:7E:0E:B1,-88,11
460980,TOUR 66,CONGRES,00:F6:63:DD:3C:F2,-88,11
460980,TOUR 66,,92:15:A6:2D:A9:8C,-89,6
460980,TOUR 66,scaiteam,58:D9:D5:41:50:32,-89,8
460980,TOUR 66,eduroam,00:F6:63:DD:3C:F4,-89,11
460980,TOUR 66,,58:D9:D5:41:50:30,-90,8
460980,TOUR 66,SWIM,90:4C:81:7E:0E:B2,-90,11
460980,TOUR 66,Em,FE:A6:21:57:A7:48,-91,6
460980,TOUR 66,SWING,90:4C:81:7E:0E:B0,-91,11
460980,TOUR 66,eduspot,00:F6:63:DD:3C:F1,-91,11
518560,TOUR 65,iPhone de Nassim,EA:D9:43:F8:A8:D2,-47,1
518560,TOUR 65,scaiteam,58:D9:D5:41:50:32,-85,8
518560,TOUR 65,,E8:65:D4:72:A0:D9,-86,1
518560,TOUR 65,,58:D9:D5:41:50:30,-87,8
518560,TOUR 65,,E8:65:D4:72:A0:E1,-87,11
518560,TOUR 65,ISIR,E8:65:D4:72:AC:59,-91,6
518560,TOUR 65,scaiteam,58:D9:D5:41:50:92,-91,10
518560,TOUR 65,,58:D9:D5:41:50:90,-93,10
585269,TOUR 55,iPhone de Nassim,EA:D9:43:F8:A8:D2,-45,6
585269,TOUR 55,eduroam,00:F6:63:E6:2F:C4,-74,6
585269,TOUR 55,CONGRES,00:F6:63:E6:2F:C2,-74,6
585269,TOUR 55,eduspot,00:F6:63:E6:2F:C1,-75,6
585269,TOUR 55,eduroam,00:F6:63:E6:2E:B4,-81,1
585269,TOUR 55,eduspot,00:F6:63:C7:2D:C1,-81,11
585269,TOUR 55,eduspot,00:F6:63:E6:2E:B1,-82,1
585269,TOUR 55,eduroam,00:F6:63:C7:2D:C4,-82,11
585269,TOUR 55,CONGRES,00:F6:63:C7:2D:C2,-82,11
585269,TOUR 55,CONGRES,00:F6:63:E6:2E:B2,-83,1
585269,TOUR 55,DIRECT-10-HP M181 LaserJet,9E:30:5B:BF:18:10,-88,6
585269,TOUR 55,eduroam,00:F6:63:E6:2E:D4,-88,6
585269,TOUR 55,eduspot,00:F6:63:E6:2E:D1,-88,6
585269,TOUR 55,CONGRES,00:F6:63:E6:2E:D2,-89,6
642575,TOUR 56,iPhone de Nassim,EA:D9:43:F8:A8:D2,-50,1
642575,TOUR 56,eduroam,00:F6:63:DD:3D:C4,-62,1
642575,TOUR 56,CONGRES,00:F6:63:DD:3D:C2,-62,1
642575,TOUR 56,eduspot,00:F6:63:DD:3D:C1,-63,1
642575,TOUR 56,CONGRES,00:F6:63:E6:2E:D2,-85,6
642575,TOUR 56,eduroam,00:F6:63:E6:2E:D4,-86,6
642575,TOUR 56,eduspot,00:F6:63:E6:2E:D1,-87,6
642575,TOUR 56,ISIR-LUDICS-105,10:27:F5:CD:AD:FC,-90,4
642575,TOUR 56,,12:27:F5:ED:AD:FC,-91,4
694501,TOUR 46,iPhone de Nassim,EA:D9:43:F8:A8:D2,-47,6
694501,TOUR 46,TP-Link_691E,D8:47:32:5C:69:1E,-72,6
694501,TOUR 46,,DA:47:32:6C:69:1E,-72,6
694501,TOUR 46,Pixel romane ,6A:79:E8:21:B0:3A,-84,1
694501,TOUR 46,eduroam,00:F6:63:AC:D8:34,-85,6
694501,TOUR 46,CONGRES,00:F6:63:AC:D8:32,-85,6
694501,TOUR 46,eduspot,00:F6:63:AC:D8:31,-85,6
694501,TOUR 46,eduroam,00:F6:63:DD:36:C4,-86,11
694501,TOUR 46,eduspot,00:F6:63:DD:36:C1,-86,11
694501,TOUR 46,CONGRES,00:F6:63:DD:36:C2,-87,11
694501,TOUR 46,Oppo De Fares,22:FD:AD:FD:37:EE,-91,6
694501,TOUR 46,eduspot,D8:C7:C8:24:D0:53,-93,11
694501,TOUR 46,Pantheon-Assas,D8:C7:C8:24:D0:51,-95,11
751501,TOUR 45,iPhone de Nassim,EA:D9:43:F8:A8:D2,-52,11
751501,TOUR 45,CONGRES,00:F6:63:B1:CD:92,-81,11
751501,TOUR 45,eduroam,00:F6:63:B1:CD:94,-82,11
751501,TOUR 45,eduroam,00:F6:63:C7:2A:F4,-82,1
751501,TOUR 45,CONGRES,00:F6:63:C7:2A:F2,-82,1
751501,TOUR 45,Haris,C2:A4:8C:79:61:D1,-82,6
751501,TOUR 45,eduspot,00:F6:63:B1:CD:91,-83,11
751501,TOUR 45,eduspot,00:F6:63:C7:2A:F1,-83,1
751501,TOUR 45,CONGRES,00:F6:63:DD:3D:F2,-86,11
751501,TOUR 45,eduspot,00:F6:63:DD:3D:F1,-86,11
751501,TOUR 45,Bobbi,8E:6B:86:26:3E:9A,-86,6
751501,TOUR 45,eduroam,00:F6:63:DD:3D:F4,-88,11
751501,TOUR 45,eduspot,00:F6:63:DD:4B:C1,-89,11
751501,TOUR 45,CONGRES,00:F6:63:DD:4B:C2,-90,11
751501,TOUR 45,eduroam,00:F6:63:DD:36:C4,-90,11
800336,TOUR 44,iPhone de Nassim,EA:D9:43:F8:A8:D2,-42,11
800336,TOUR 44,eduroam,00:F6:63:DD:4B:C4,-85,11
800336,TOUR 44,eduroam,00:F6:63:DD:4B:24,-85,1
800336,TOUR 44,eduspot,00:F6:63:DD:4B:21,-85,1
800336,TOUR 44,eduspot,00:F6:63:E6:3A:A0,-85,6
800336,TOUR 44,EDUAUTH,00:F6:63:E6:3A:A3,-85,6
800336,TOUR 44,eduroam,00:F6:63:E6:3A:A2,-86,6
800336,TOUR 44,CONGRES,00:F6:63:E6:3A:A1,-86,6
800336,TOUR 44,eduspot,00:F6:63:DD:4B:C1,-90,11
800336,TOUR 44,CONGRES,00:F6:63:DD:4B:C2,-90,11
858379,TOUR 54,iPhone de Nassim,EA:D9:43:F8:A8:D2,-50,1
858379,TOUR 54,eduroam,00:F6:63:B1:CE:84,-59,1
858379,TOUR 54,CONGRES,00:F6:63:B1:CE:82,-59,1
858379,TOUR 54,eduspot,00:F6:63:B1:CE:81,-59,1
858379,TOUR 54,eduspot,00:F6:63:AC:D9:E1,-87,1
858379,TOUR 54,eduroam,00:F6:63:AC:D9:E4,-87,1
858379,TOUR 54,CONGRES,00:F6:63:AC:D9:E2,-88,1
496398,ESC,iPhone,22:A6:C1:DD:CA:9E,-48,6
496398,ESC,Me voici,E2:73:EF:EB:A2:AF,-79,1
496398,ESC,iPhoneW,4A:85:D1:4C:1E:2E,-80,6
496398,ESC,,C2:7C:0F:C4:07:29,-84,6
496398,ESC,DIRECT-H1j8JEB86D213GOeg,52:57:9C:BF:C5:3E,-84,1
496398,ESC,SCAI,58:97:BD:CD:9C:63,-87,6
496398,ESC,eduroam,58:97:BD:CD:9C:62,-88,6
496398,ESC,CONGRES,58:97:BD:CD:9C:61,-88,6
496398,ESC,eduspot,58:97:BD:CD:9C:60,-89,6
496398,ESC,iPhone de Ka,2E:56:F0:B5:B8:28,-90,6
496398,ESC,Galaxy A52 5G0D3E,C6:18:A3:24:D0:B8,-91,1
496398,ESC,,AA:29:48:AB:B9:62,-91,1
496398,ESC,IPGP-Personnel,18:64:72:05:D9:22,-93,11
496398,ESC,,18:64:72:05:D9:24,-93,1152117,ESC,ARDUINO_A6AE,AC:1F:09:0B:A6:AE,-38,9
52117,ESC,iPhone de Nassim,26:66:76:1A:9A:65,-53,11
52117,ESC,iPhone de Madjid,1E:FD:77:07:B6:5C,-62,6
52117,ESC,TP-Link_6861,D8:47:32:5C:68:61,-64,9
52117,ESC,,DA:47:32:6C:68:61,-64,9
52117,ESC,ISCD,E8:65:D4:72:F9:71,-77,1
52117,ESC,,58:D9:D5:41:50:30,-77,7
52117,ESC,scaiteam,58:D9:D5:41:50:32,-77,7
52117,ESC,,58:D9:D5:41:50:60,-79,10
52117,ESC,scaiteam,58:D9:D5:41:50:62,-79,10
52117,ESC,CONGRES,58:97:BD:CD:93:E1,-80,1
52117,ESC,SCAI,58:97:BD:CD:93:E3,-80,1
52117,ESC,ISCD,E8:65:D4:72:F9:79,-80,6
52117,ESC,eduspot,58:97:BD:CD:93:E0,-81,1
52117,ESC,eduroam,58:97:BD:CD:93:E2,-81,1
52117,ESC,scaiguest,94:18:65:E6:91:AE,-82,3
52117,ESC,iPhone de Samir,FA:3D:30:00:E1:68,-82,6
52117,ESC,,58:D9:D5:41:50:90,-82,8
52117,ESC,scaiguest-IoT,9E:18:65:E6:91:AE,-84,3
52117,ESC,scaiteam,58:D9:D5:41:50:92,-84,8
52117,ESC,,B0:6E:BF:66:91:B8,-84,10
52117,ESC,eduspot,58:97:BD:CD:92:60,-85,1
52117,ESC,SCAI,58:97:BD:CD:92:63,-86,1
52117,ESC,CONGRES,58:97:BD:80:CC:B1,-87,11
52117,ESC,eduroam,58:97:BD:CD:92:62,-87,1
52117,ESC,eduspot,58:97:BD:80:CC:B0,-88,11
52117,ESC,eduroam,58:97:BD:80:CC:B2,-88,11
52117,ESC,SCAI,58:97:BD:80:CC:B3,-88,11
52117,ESC,CONGRES,58:97:BD:CD:92:61,-88,1
52117,ESC,fablabstaff,08:5A:11:28:8A:10,-89,6
52117,ESC,ISCD,E8:65:D4:72:F9:69,-90,11
52117,ESC,Yothey,76:8E:87:C5:45:16,-92,6
58475,ESC,ARDUINO_A6AE,AC:1F:09:0B:A6:AE,-37,9
58475,ESC,iPhone de Nassim,26:66:76:1A:9A:65,-54,11
58475,ESC,iPhone de Madjid,1E:FD:77:07:B6:5C,-59,6
58475,ESC,,DA:47:32:6C:68:61,-63,9
58475,ESC,TP-Link_6861,D8:47:32:5C:68:61,-64,9
58475,ESC,ISCD,E8:65:D4:72:F9:71,-75,1
58475,ESC,eduspot,58:97:BD:CD:93:E0,-77,1
58475,ESC,eduroam,58:97:BD:CD:93:E2,-78,1
58475,ESC,CONGRES,58:97:BD:CD:93:E1,-78,1
58475,ESC,SCAI,58:97:BD:CD:93:E3,-78,1
58475,ESC,scaiteam,58:D9:D5:41:50:62,-78,10
58475,ESC,,58:D9:D5:41:50:60,-79,10
58475,ESC,DIRECT-57-HP M428fdw LJ,86:69:93:F8:37:57,-80,6
58475,ESC,,58:D9:D5:41:50:30,-80,7
58475,ESC,scaiteam,58:D9:D5:41:50:32,-80,7
58475,ESC,scaiguest,94:18:65:E6:91:AE,-82,3
58475,ESC,,58:D9:D5:41:50:90,-82,8
58475,ESC,eduspot,58:97:BD:CD:92:60,-83,1
58475,ESC,NTGRBH_941865E691AF,9A:18:65:E6:91:AE,-83,3
58475,ESC,scaiteam,58:D9:D5:41:50:92,-83,8
58475,ESC,,B0:6E:BF:66:91:B8,-83,10
58475,ESC,eduroam,58:97:BD:CD:92:62,-84,1
58475,ESC,eduroam,58:97:BD:80:CC:B2,-85,11
58475,ESC,SCAI,58:97:BD:CD:92:63,-85,1
58475,ESC,SCAI,58:97:BD:80:CC:B3,-86,11
58475,ESC,CONGRES,58:97:BD:CD:92:61,-86,1
58475,ESC,iPhone de Samir,FA:3D:30:00:E1:68,-86,6
58475,ESC,ISCD,E8:65:D4:72:F9:79,-86,6
58475,ESC,eduspot,58:97:BD:80:CC:B0,-87,11
58475,ESC,CONGRES,58:97:BD:80:CC:B1,-87,11
58475,ESC,Redmi Note 11,0A:58:D4:84:FE:70,-89,1
58475,ESC,ISCD,E8:65:D4:72:F9:69,-91,11
58475,ESC,fablab,08:5A:11:28:8A:11,-92,6
58475,ESC,fablabo,08:5A:11:28:8A:12,-92,6
58475,ESC,Albert's A26,CA:66:06:1D:B6:89,-93,1
58475,ESC,fablabstaff,08:5A:11:28:8A:10,-93,6
64653,ESC,ARDUINO_A6AE,AC:1F:09:0B:A6:AE,-37,9
64653,ESC,iPhone de Nassim,26:66:76:1A:9A:65,-48,11
64653,ESC,iPhone de Madjid,1E:FD:77:07:B6:5C,-60,6
64653,ESC,,DA:47:32:6C:68:61,-62,9
64653,ESC,TP-Link_6861,D8:47:32:5C:68:61,-63,9
64653,ESC,,58:D9:D5:41:50:30,-75,7
64653,ESC,scaiteam,58:D9:D5:41:50:32,-76,7
64653,ESC,DIRECT-57-HP M428fdw LJ,86:69:93:F8:37:57,-77,6
64653,ESC,scaiteam,58:D9:D5:41:50:62,-77,10
64653,ESC,,58:D9:D5:41:50:60,-78,10
64653,ESC,eduspot,58:97:BD:CD:93:E0,-80,1
64653,ESC,CONGRES,58:97:BD:CD:93:E1,-80,1
64653,ESC,SCAI,58:97:BD:CD:93:E3,-80,1
64653,ESC,eduroam,58:97:BD:CD:93:E2,-82,1
64653,ESC,scaiteam,58:D9:D5:41:50:92,-83,8
64653,ESC,eduspot,58:97:BD:CD:92:60,-84,1
64653,ESC,,58:D9:D5:41:50:90,-84,8
64653,ESC,CONGRES,58:97:BD:CD:92:61,-85,1
64653,ESC,iPhone de Samir,FA:3D:30:00:E1:68,-85,6
64653,ESC,SCAI,58:97:BD:CD:92:63,-86,1
64653,ESC,,B0:6E:BF:66:91:B8,-86,10
64653,ESC,SCAI,58:97:BD:80:CC:B3,-87,11
64653,ESC,eduroam,58:97:BD:CD:92:62,-87,1
64653,ESC,eduspot,58:97:BD:80:CC:B0,-88,11
64653,ESC,eduroam,58:97:BD:80:CC:B2,-89,11
64653,ESC,CONGRES,58:97:BD:80:CC:B1,-89,11
64653,ESC,ISCD,E8:65:D4:72:F9:71,-89,1
64653,ESC,ISCD,E8:65:D4:72:F9:79,-89,6
64653,ESC,ISCD,E8:65:D4:72:F9:69,-91,11
64653,ESC,fablabo,08:5A:11:28:8A:12,-92,6
64653,ESC,Redmi Note 11,0A:58:D4:84:FE:70,-93,1
64653,ESC,Chemsss Phone,3A:2F:68:20:C6:A6,-93,6
64653,ESC,fablab-iot,08:5A:11:28:8A:13,-93,6
64653,ESC,fablabstaff,08:5A:11:28:8A:10,-94,6
64653,ESC,fablab,08:5A:11:28:8A:11,-95,6
71020,ESC,ARDUINO_A6AE,AC:1F:09:0B:A6:AE,-37,9
71020,ESC,iPhone de Nassim,26:66:76:1A:9A:65,-54,11
71020,ESC,iPhone de Madjid,1E:FD:77:07:B6:5C,-61,6
71020,ESC,TP-Link_6861,D8:47:32:5C:68:61,-61,9
71020,ESC,,DA:47:32:6C:68:61,-61,9
71020,ESC,,58:D9:D5:41:50:30,-74,7
71020,ESC,scaiteam,58:D9:D5:41:50:32,-76,7
71020,ESC,scaiteam,58:D9:D5:41:50:62,-78,10
71020,ESC,,58:D9:D5:41:50:60,-78,10
71020,ESC,SCAI,58:97:BD:CD:93:E3,-79,1
71020,ESC,eduroam,58:97:BD:CD:93:E2,-79,1
71020,ESC,CONGRES,58:97:BD:CD:93:E1,-79,1
71020,ESC,ISCD,E8:65:D4:72:F9:71,-79,1
71020,ESC,eduspot,58:97:BD:CD:93:E0,-79,1
71020,ESC,scaiguest-IoT,9E:18:65:E6:91:AE,-80,3
71020,ESC,DIRECT-57-HP M428fdw LJ,86:69:93:F8:37:57,-80,6
71020,ESC,ISCD,E8:65:D4:72:F9:79,-81,6
71020,ESC,NTGRBH_941865E691AF,9A:18:65:E6:91:AE,-83,3
71020,ESC,scaiteam,58:D9:D5:41:50:92,-83,8
71020,ESC,scaiguest,94:18:65:E6:91:AE,-84,3
71020,ESC,iPhone de Samir,FA:3D:30:00:E1:68,-84,6
71020,ESC,,58:D9:D5:41:50:90,-84,8
71020,ESC,eduroam,58:97:BD:CD:92:62,-85,1
71020,ESC,eduspot,58:97:BD:80:CC:B0,-86,11
71020,ESC,SCAI,58:97:BD:CD:92:63,-86,1
71020,ESC,eduspot,58:97:BD:CD:92:60,-86,1
71020,ESC,CONGRES,58:97:BD:CD:92:61,-86,1
71020,ESC,ISCD,E8:65:D4:72:F9:69,-87,11
71020,ESC,SCAI,58:97:BD:80:CC:B3,-88,11
71020,ESC,Redmi Note 14 5G,2E:01:1A:92:22:32,-88,6
71020,ESC,,B0:6E:BF:66:91:B8,-88,10
71020,ESC,eduroam,58:97:BD:80:CC:B2,-89,11
71020,ESC,CONGRES,58:97:BD:80:CC:B1,-89,11
71020,ESC,ARLO_VMB_9917332886,FC:9C:98:4F:40:16,-89,1
71020,ESC,Redmi Note 11,0A:58:D4:84:FE:70,-90,1
71020,ESC,Captal@xav,9E:90:53:29:83:65,-91,1
71020,ESC,fablab,08:5A:11:28:8A:11,-93,6
71020,ESC,fablabo,08:5A:11:28:8A:12,-94,6
77406,ESC,ARDUINO_A6AE,AC:1F:09:0B:A6:AE,-37,9
77406,ESC,iPhone de Nassim,26:66:76:1A:9A:65,-57,11
77406,ESC,iPhone de Madjid,1E:FD:77:07:B6:5C,-59,6
77406,ESC,TP-Link_6861,D8:47:32:5C:68:61,-64,9
77406,ESC,,DA:47:32:6C:68:61,-64,9
77406,ESC,ISCD,E8:65:D4:72:F9:71,-77,1
77406,ESC,,58:D9:D5:41:50:30,-77,7
77406,ESC,,58:D9:D5:41:50:60,-77,10
77406,ESC,scaiteam,58:D9:D5:41:50:32,-78,7
77406,ESC,scaiteam,58:D9:D5:41:50:62,-78,10
77406,ESC,eduroam,58:97:BD:CD:93:E2,-79,1
77406,ESC,iPhone de Samir,FA:3D:30:00:E1:68,-79,6
77406,ESC,eduspot,58:97:BD:CD:93:E0,-80,1
77406,ESC,SCAI,58:97:BD:CD:93:E3,-80,1
77406,ESC,ISCD,E8:65:D4:72:F9:79,-80,6
77406,ESC,CONGRES,58:97:BD:CD:93:E1,-81,1
77406,ESC,DIRECT-57-HP M428fdw LJ,86:69:93:F8:37:57,-81,6
77406,ESC,scaiguest,94:18:65:E6:91:AE,-82,3
77406,ESC,scaiguest-IoT,9E:18:65:E6:91:AE,-83,3
77406,ESC,SCAI,58:97:BD:80:CC:B3,-84,11
77406,ESC,NTGRBH_941865E691AF,9A:18:65:E6:91:AE,-84,3
77406,ESC,,58:D9:D5:41:50:90,-84,8
77406,ESC,eduspot,58:97:BD:CD:92:60,-85,1
77406,ESC,Redmi Note 14 5G,2E:01:1A:92:22:32,-85,6
77406,ESC,scaiteam,58:D9:D5:41:50:92,-85,8
77406,ESC,eduspot,58:97:BD:80:CC:B0,-86,11
77406,ESC,eduroam,58:97:BD:80:CC:B2,-86,11
77406,ESC,CONGRES,58:97:BD:80:CC:B1,-86,11
77406,ESC,CONGRES,58:97:BD:CD:92:61,-87,1
77406,ESC,SCAI,58:97:BD:CD:92:63,-87,1
77406,ESC,,B0:6E:BF:66:91:B8,-88,10
77406,ESC,fablabstaff,08:5A:11:28:8A:10,-90,6
77406,ESC,ISCD,E8:65:D4:72:F9:69,-91,11
77406,ESC,Redmi Note 11,0A:58:D4:84:FE:70,-92,1
77406,ESC,fablabo,08:5A:11:28:8A:12,-92,6
77406,ESC,fablab-bad,08:5A:11:28:8A:14,-92,6
83577,ESC,ARDUINO_A6AE,AC:1F:09:0B:A6:AE,-36,9
83577,ESC,iPhone de Nassim,26:66:76:1A:9A:65,-56,11
83577,ESC,iPhone de Madjid,1E:FD:77:07:B6:5C,-57,6
83577,ESC,,DA:47:32:6C:68:61,-63,9
83577,ESC,TP-Link_6861,D8:47:32:5C:68:61,-64,9
83577,ESC,scaiteam,58:D9:D5:41:50:32,-70,7
83577,ESC,,58:D9:D5:41:50:30,-75,7
83577,ESC,ISCD,E8:65:D4:72:F9:79,-78,6
83577,ESC,,58:D9:D5:41:50:60,-78,10
83577,ESC,scaiteam,58:D9:D5:41:50:62,-79,10
83577,ESC,scaiteam,58:D9:D5:41:50:92,-80,8
83577,ESC,DIRECT-57-HP M428fdw LJ,86:69:93:F8:37:57,-81,6
83577,ESC,,58:D9:D5:41:50:90,-81,8
83577,ESC,eduspot,58:97:BD:CD:93:E0,-83,1
83577,ESC,SCAI,58:97:BD:CD:93:E3,-83,1
83577,ESC,eduroam,58:97:BD:CD:93:E2,-84,1
83577,ESC,CONGRES,58:97:BD:CD:93:E1,-84,1
83577,ESC,iPhone de Samir,FA:3D:30:00:E1:68,-85,6
83577,ESC,SCAI,58:97:BD:80:CC:B3,-87,11
83577,ESC,eduspot,58:97:BD:80:CC:B0,-87,11
83577,ESC,ISCD,E8:65:D4:72:F9:71,-87,1
83577,ESC,eduroam,58:97:BD:CD:92:62,-87,1
83577,ESC,CONGRES,58:97:BD:CD:92:61,-87,1
83577,ESC,Redmi Note 11,0A:58:D4:84:FE:70,-87,1
83577,ESC,,B0:6E:BF:66:91:B8,-87,10
83577,ESC,CONGRES,58:97:BD:80:CC:B1,-88,11
83577,ESC,SCAI,58:97:BD:CD:92:63,-88,1
83577,ESC,eduroam,58:97:BD:80:CC:B2,-88,11
83577,ESC,Redmi Note 14 5G,2E:01:1A:92:22:32,-88,6
83577,ESC,eduspot,58:97:BD:CD:92:60,-89,1
83577,ESC,ISCD,E8:65:D4:72:F9:69,-94,11
83577,ESC,fablabo,08:5A:11:28:8A:12,-94,6
89730,ESC,ARDUINO_A6AE,AC:1F:09:0B:A6:AE,-36,9
89730,ESC,iPhone de Nassim,26:66:76:1A:9A:65,-49,11
89730,ESC,iPhone de Madjid,1E:FD:77:07:B6:5C,-63,6
89730,ESC,TP-Link_6861,D8:47:32:5C:68:61,-64,9
89730,ESC,,DA:47:32:6C:68:61,-64,9
89730,ESC,scaiguest-IoT,9E:18:65:E6:91:AE,-77,3
89730,ESC,iPhone de Samir,FA:3D:30:00:E1:68,-77,6
89730,ESC,,58:D9:D5:41:50:30,-78,7
89730,ESC,scaiteam,58:D9:D5:41:50:32,-79,7
89730,ESC,NTGRBH_941865E691AF,9A:18:65:E6:91:AE,-80,3
89730,ESC,ISCD,E8:65:D4:72:F9:79,-80,6
89730,ESC,DIRECT-57-HP M428fdw LJ,86:69:93:F8:37:57,-81,6
89730,ESC,eduspot,58:97:BD:CD:93:E0,-82,1
89730,ESC,CONGRES,58:97:BD:CD:93:E1,-82,1
89730,ESC,SCAI,58:97:BD:CD:93:E3,-82,1
89730,ESC,ISCD,E8:65:D4:72:F9:71,-82,1
89730,ESC,eduroam,58:97:BD:CD:93:E2,-82,1
89730,ESC,scaiguest,94:18:65:E6:91:AE,-82,3
89730,ESC,scaiteam,58:D9:D5:41:50:92,-83,8
89730,ESC,CONGRES,58:97:BD:80:CC:B1,-84,11
89730,ESC,,58:D9:D5:41:50:90,-84,8
89730,ESC,eduroam,58:97:BD:CD:92:62,-85,1
89730,ESC,SCAI,58:97:BD:CD:92:63,-85,1
89730,ESC,eduspot,58:97:BD:CD:92:60,-86,1
89730,ESC,CONGRES,58:97:BD:CD:92:61,-86,1
89730,ESC,SCAI,58:97:BD:80:CC:B3,-87,11
89730,ESC,eduspot,58:97:BD:80:CC:B0,-87,11
89730,ESC,eduroam,58:97:BD:80:CC:B2,-87,11
89730,ESC,ARLO_VMB_9917332886,FC:9C:98:4F:40:16,-87,1
89730,ESC,Redmi Note 11,0A:58:D4:84:FE:70,-87,1
89730,ESC,Albert's A26,CA:66:06:1D:B6:89,-88,1
89730,ESC,ISCD,E8:65:D4:72:F9:69,-90,11
95890,ESC,ARDUINO_A6AE,AC:1F:09:0B:A6:AE,-39,9
95890,ESC,iPhone de Nassim,26:66:76:1A:9A:65,-57,11
95890,ESC,TP-Link_6861,D8:47:32:5C:68:61,-59,9
95890,ESC,,DA:47:32:6C:68:61,-59,9
95890,ESC,iPhone de Madjid,1E:FD:77:07:B6:5C,-70,6
95890,ESC,DIRECT-57-HP M428fdw LJ,86:69:93:F8:37:57,-74,6
95890,ESC,,58:D9:D5:41:50:60,-76,10
95890,ESC,scaiteam,58:D9:D5:41:50:62,-76,10
95890,ESC,iPhone de Samir,FA:3D:30:00:E1:68,-77,6
95890,ESC,ISCD,E8:65:D4:72:F9:71,-78,1
95890,ESC,ISCD,E8:65:D4:72:F9:79,-80,6
95890,ESC,SCAI,58:97:BD:CD:93:E3,-82,1
95890,ESC,,B0:6E:BF:66:91:B8,-82,10
95890,ESC,eduroam,58:97:BD:CD:93:E2,-83,1
95890,ESC,CONGRES,58:97:BD:CD:93:E1,-83,1
95890,ESC,eduspot,58:97:BD:CD:93:E0,-83,1
95890,ESC,,58:D9:D5:41:50:90,-83,8
95890,ESC,scaiteam,58:D9:D5:41:50:92,-84,8
95890,ESC,SCAI,58:97:BD:CD:92:63,-86,1
95890,ESC,eduroam,58:97:BD:CD:92:62,-86,1
95890,ESC,eduspot,58:97:BD:80:CC:B0,-87,11
95890,ESC,eduspot,58:97:BD:CD:92:60,-87,1
95890,ESC,eduroam,58:97:BD:80:CC:B2,-88,11
95890,ESC,CONGRES,58:97:BD:80:CC:B1,-88,11
95890,ESC,SCAI,58:97:BD:80:CC:B3,-88,11
95890,ESC,scaiguest-IoT,9E:18:65:E6:91:AE,-88,3
95890,ESC,ISCD,E8:65:D4:72:F9:69,-94,11
102026,ESC,ARDUINO_A6AE,AC:1F:09:0B:A6:AE,-37,9
102026,ESC,,DA:47:32:6C:68:61,-60,9
102026,ESC,TP-Link_6861,D8:47:32:5C:68:61,-61,9
102026,ESC,iPhone de Madjid,1E:FD:77:07:B6:5C,-63,6
102026,ESC,iPhone de Nassim,26:66:76:1A:9A:65,-65,11
102026,ESC,ISCD,E8:65:D4:72:F9:71,-75,1
102026,ESC,scaiteam,58:D9:D5:41:50:32,-77,7
102026,ESC,,58:D9:D5:41:50:30,-78,7
102026,ESC,DIRECT-57-HP M428fdw LJ,86:69:93:F8:37:57,-79,6
102026,ESC,,58:D9:D5:41:50:60,-79,10
102026,ESC,scaiteam,58:D9:D5:41:50:62,-79,10
102026,ESC,,B0:6E:BF:66:91:B8,-80,10
102026,ESC,eduroam,58:97:BD:CD:93:E2,-81,1
102026,ESC,CONGRES,58:97:BD:CD:93:E1,-81,1
102026,ESC,SCAI,58:97:BD:CD:93:E3,-81,1
102026,ESC,eduspot,58:97:BD:CD:93:E0,-82,1
102026,ESC,ISCD,E8:65:D4:72:F9:79,-83,6
102026,ESC,iPhone de Samir,FA:3D:30:00:E1:68,-83,6
102026,ESC,SCAI,58:97:BD:CD:92:63,-84,1
102026,ESC,eduspot,58:97:BD:CD:92:60,-84,1
102026,ESC,eduroam,58:97:BD:CD:92:62,-85,1
102026,ESC,CONGRES,58:97:BD:CD:92:61,-85,1
102026,ESC,,58:D9:D5:41:50:90,-85,8
102026,ESC,Redmi Note 14 5G,2E:01:1A:92:22:32,-86,6
102026,ESC,scaiteam,58:D9:D5:41:50:92,-86,8
102026,ESC,CONGRES,58:97:BD:80:CC:B1,-87,11
102026,ESC,ARLO_VMB_9917332886,FC:9C:98:4F:40:16,-87,1
102026,ESC,SCAI,58:97:BD:80:CC:B3,-88,11
102026,ESC,ISCD,E8:65:D4:72:F9:69,-88,11
102026,ESC,Redmi Note 11,0A:58:D4:84:FE:70,-88,1
102026,ESC,eduspot,58:97:BD:80:CC:B0,-89,11
102026,ESC,eduroam,58:97:BD:80:CC:B2,-89,11
108187,ESC,ARDUINO_A6AE,AC:1F:09:0B:A6:AE,-39,9
108187,ESC,iPhone de Nassim,26:66:76:1A:9A:65,-52,11
108187,ESC,iPhone de Madjid,1E:FD:77:07:B6:5C,-60,6
108187,ESC,,DA:47:32:6C:68:61,-60,9
108187,ESC,TP-Link_6861,D8:47:32:5C:68:61,-61,9
108187,ESC,ISCD,E8:65:D4:72:F9:71,-75,1
108187,ESC,,58:D9:D5:41:50:30,-76,7
108187,ESC,DIRECT-57-HP M428fdw LJ,86:69:93:F8:37:57,-77,6
108187,ESC,ISCD,E8:65:D4:72:F9:79,-78,6
108187,ESC,eduspot,58:97:BD:CD:93:E0,-79,1
108187,ESC,scaiteam,58:D9:D5:41:50:32,-79,7
108187,ESC,,58:D9:D5:41:50:60,-79,10
108187,ESC,eduroam,58:97:BD:CD:93:E2,-80,1
108187,ESC,CONGRES,58:97:BD:CD:93:E1,-80,1
108187,ESC,SCAI,58:97:BD:CD:93:E3,-80,1
108187,ESC,scaiteam,58:D9:D5:41:50:62,-80,10
108187,ESC,,B0:6E:BF:66:91:B8,-82,10
108187,ESC,iPhone de Samir,FA:3D:30:00:E1:68,-84,6
108187,ESC,Captal@xav,9E:90:53:29:83:65,-85,1
108187,ESC,eduspot,58:97:BD:80:CC:B0,-86,11
108187,ESC,CONGRES,58:97:BD:CD:92:61,-86,1
108187,ESC,eduspot,58:97:BD:CD:92:60,-86,1
108187,ESC,CONGRES,58:97:BD:80:CC:B1,-87,11
108187,ESC,eduroam,58:97:BD:80:CC:B2,-87,11
108187,ESC,SCAI,58:97:BD:80:CC:B3,-87,11
108187,ESC,scaiteam,58:D9:D5:41:50:92,-87,8
108187,ESC,,58:D9:D5:41:50:90,-87,8
108187,ESC,Redmi Note 14 5G,2E:01:1A:92:22:32,-91,6
108187,ESC,fablabo,08:5A:11:28:8A:12,-92,6
108187,ESC,fablab,08:5A:11:28:8A:11,-93,6
114138,ESC,ARDUINO_A6AE,AC:1F:09:0B:A6:AE,-38,9
114138,ESC,iPhone de Nassim,26:66:76:1A:9A:65,-51,11
114138,ESC,iPhone de Madjid,1E:FD:77:07:B6:5C,-57,6
114138,ESC,TP-Link_6861,D8:47:32:5C:68:61,-66,9
114138,ESC,,DA:47:32:6C:68:61,-68,9
114138,ESC,scaiguest-IoT,9E:18:65:E6:91:AE,-74,3
114138,ESC,,58:D9:D5:41:50:30,-77,7
114138,ESC,eduspot,58:97:BD:CD:93:E0,-79,1
114138,ESC,eduroam,58:97:BD:CD:93:E2,-79,1
114138,ESC,CONGRES,58:97:BD:CD:93:E1,-79,1
114138,ESC,SCAI,58:97:BD:CD:93:E3,-79,1
114138,ESC,NTGRBH_941865E691AF,9A:18:65:E6:91:AE,-79,3
114138,ESC,scaiteam,58:D9:D5:41:50:32,-79,7
114138,ESC,scaiguest,94:18:65:E6:91:AE,-80,3
114138,ESC,ISCD,E8:65:D4:72:F9:79,-82,6
114138,ESC,CONGRES,58:97:BD:CD:92:61,-83,1
114138,ESC,CONGRES,58:97:BD:80:CC:B1,-84,11
114138,ESC,ISCD,E8:65:D4:72:F9:71,-84,1
114138,ESC,SCAI,58:97:BD:CD:92:63,-84,1
114138,ESC,eduspot,58:97:BD:CD:92:60,-84,1
114138,ESC,eduroam,58:97:BD:CD:92:62,-84,1
114138,ESC,iPhone de Samir,FA:3D:30:00:E1:68,-84,6
114138,ESC,eduspot,58:97:BD:80:CC:B0,-85,11
114138,ESC,SCAI,58:97:BD:80:CC:B3,-85,11
114138,ESC,eduroam,58:97:BD:80:CC:B2,-86,11
114138,ESC,Redmi Note 14 5G,2E:01:1A:92:22:32,-89,6
114138,ESC,ISCD,E8:65:D4:72:F9:69,-91,11
114138,ESC,fablabo,08:5A:11:28:8A:12,-95,6
120084,ESC,ARDUINO_A6AE,AC:1F:09:0B:A6:AE,-38,9
120084,ESC,iPhone de Nassim,26:66:76:1A:9A:65,-51,11
120084,ESC,iPhone de Madjid,1E:FD:77:07:B6:5C,-59,6
120084,ESC,,DA:47:32:6C:68:61,-61,9
120084,ESC,TP-Link_6861,D8:47:32:5C:68:61,-62,9
120084,ESC,DIRECT-57-HP M428fdw LJ,86:69:93:F8:37:57,-74,6
120084,ESC,CONGRES,58:97:BD:CD:93:E1,-75,1
120084,ESC,ISCD,E8:65:D4:72:F9:71,-75,1
120084,ESC,iPhone de Samir,FA:3D:30:00:E1:68,-75,6
120084,ESC,eduspot,58:97:BD:CD:93:E0,-76,1
120084,ESC,eduroam,58:97:BD:CD:93:E2,-76,1
120084,ESC,SCAI,58:97:BD:CD:93:E3,-76,1
120084,ESC,ISCD,E8:65:D4:72:F9:79,-78,6
120084,ESC,eduroam,58:97:BD:CD:92:62,-80,1
120084,ESC,eduspot,58:97:BD:CD:92:60,-81,1
120084,ESC,NTGRBH_941865E691AF,9A:18:65:E6:91:AE,-81,3
120084,ESC,SCAI,58:97:BD:80:CC:B3,-82,11
120084,ESC,SCAI,58:97:BD:CD:92:63,-82,1
120084,ESC,scaiguest,94:18:65:E6:91:AE,-82,3
120084,ESC,scaiguest-IoT,9E:18:65:E6:91:AE,-82,3
120084,ESC,,58:D9:D5:41:50:60,-82,10
120084,ESC,scaiteam,58:D9:D5:41:50:62,-82,10
120084,ESC,CONGRES,58:97:BD:80:CC:B1,-83,11
120084,ESC,eduspot,58:97:BD:80:CC:B0,-84,11
120084,ESC,eduroam,58:97:BD:80:CC:B2,-84,11
120084,ESC,CONGRES,58:97:BD:CD:92:61,-84,1
120084,ESC,,B0:6E:BF:66:91:B8,-84,10
120084,ESC,Redmi Note 11,0A:58:D4:84:FE:70,-86,1
120084,ESC,Redmi Note 14 5G,2E:01:1A:92:22:32,-86,6
120084,ESC,Chemsss Phone,3A:2F:68:20:C6:A6,-87,6
120084,ESC,ISCD,E8:65:D4:72:F9:69,-89,11
120084,ESC,Albert's A26,CA:66:06:1D:B6:89,-89,1
120084,ESC,fablab-iot,08:5A:11:28:8A:13,-90,6
120084,ESC,Yothey,76:8E:87:C5:45:16,-92,6
120084,ESC,fablabo,08:5A:11:28:8A:12,-92,6
126277,ESC,ARDUINO_A6AE,AC:1F:09:0B:A6:AE,-38,9
126277,ESC,TP-Link_6861,D8:47:32:5C:68:61,-57,9
126277,ESC,iPhone de Madjid,1E:FD:77:07:B6:5C,-58,6
126277,ESC,,DA:47:32:6C:68:61,-60,9
126277,ESC,iPhone de Nassim,26:66:76:1A:9A:65,-67,11
126277,ESC,ISCD,E8:65:D4:72:F9:71,-76,1
126277,ESC,DIRECT-57-HP M428fdw LJ,86:69:93:F8:37:57,-76,6
126277,ESC,,58:D9:D5:41:50:30,-77,7
126277,ESC,scaiteam,58:D9:D5:41:50:32,-78,7
126277,ESC,,58:D9:D5:41:50:60,-80,10
126277,ESC,eduspot,58:97:BD:CD:93:E0,-81,1
126277,ESC,SCAI,58:97:BD:CD:93:E3,-81,1
126277,ESC,scaiteam,58:D9:D5:41:50:62,-81,10
126277,ESC,CONGRES,58:97:BD:CD:92:61,-82,1
126277,ESC,eduroam,58:97:BD:CD:93:E2,-82,1
126277,ESC,CONGRES,58:97:BD:CD:93:E1,-82,1
126277,ESC,eduspot,58:97:BD:CD:92:60,-82,1
126277,ESC,eduroam,58:97:BD:CD:92:62,-83,1
126277,ESC,,58:D9:D5:41:50:90,-83,8
126277,ESC,scaiteam,58:D9:D5:41:50:92,-83,8
126277,ESC,iPhone de Samir,FA:3D:30:00:E1:68,-85,6
126277,ESC,eduroam,58:97:BD:80:CC:B2,-87,11
126277,ESC,ISCD,E8:65:D4:72:F9:79,-88,6
126277,ESC,,B0:6E:BF:66:91:B8,-88,10
126277,ESC,eduspot,58:97:BD:80:CC:B0,-90,11
126277,ESC,CONGRES,58:97:BD:80:CC:B1,-90,11
126277,ESC,Captal@xav,9E:90:53:29:83:65,-90,1
126277,ESC,SCAI,58:97:BD:80:CC:B3,-91,11
126277,ESC,ISCD,E8:65:D4:72:F9:69,-91,11
126277,ESC,fablab-bad,08:5A:11:28:8A:14,-92,6
132626,ESC,ARDUINO_A6AE,AC:1F:09:0B:A6:AE,-35,9
132626,ESC,iPhone de Nassim,26:66:76:1A:9A:65,-55,11
132626,ESC,iPhone de Madjid,1E:FD:77:07:B6:5C,-57,6
132626,ESC,,DA:47:32:6C:68:61,-61,9
132626,ESC,TP-Link_6861,D8:47:32:5C:68:61,-62,9
132626,ESC,CONGRES,58:97:BD:CD:93:E1,-77,1
132626,ESC,eduspot,58:97:BD:CD:93:E0,-77,1
132626,ESC,SCAI,58:97:BD:CD:93:E3,-77,1
132626,ESC,eduroam,58:97:BD:CD:93:E2,-78,1
132626,ESC,scaiteam,58:D9:D5:41:50:32,-78,7
132626,ESC,DIRECT-57-HP M428fdw LJ,86:69:93:F8:37:57,-79,6
132626,ESC,iPhone de Samir,FA:3D:30:00:E1:68,-79,6
132626,ESC,,58:D9:D5:41:50:30,-79,7
132626,ESC,ISCD,E8:65:D4:72:F9:71,-80,1
132626,ESC,,58:D9:D5:41:50:60,-81,10
132626,ESC,scaiteam,58:D9:D5:41:50:62,-81,10
132626,ESC,scaiguest-IoT,9E:18:65:E6:91:AE,-84,3
132626,ESC,eduroam,58:97:BD:80:CC:B2,-85,11
132626,ESC,ISCD,E8:65:D4:72:F9:79,-85,6
132626,ESC,,58:D9:D5:41:50:90,-85,8
132626,ESC,CONGRES,58:97:BD:80:CC:B1,-86,11
132626,ESC,eduroam,58:97:BD:CD:92:62,-86,1
132626,ESC,scaiteam,58:D9:D5:41:50:92,-86,8
132626,ESC,SCAI,58:97:BD:80:CC:B3,-87,11
132626,ESC,SCAI,58:97:BD:CD:92:63,-87,1
132626,ESC,Redmi Note 11,0A:58:D4:84:FE:70,-87,1
132626,ESC,eduspot,58:97:BD:80:CC:B0,-87,11
132626,ESC,eduspot,58:97:BD:CD:92:60,-89,1
132626,ESC,,B0:6E:BF:66:91:B8,-89,10
132626,ESC,ISCD,E8:65:D4:72:F9:69,-92,11
132626,ESC,fablabo,08:5A:11:28:8A:12,-92,6
132626,ESC,fablab-bad,08:5A:11:28:8A:14,-95,6
112889,ESC,ARDUINO_A6AE,AC:1F:09:0B:A6:AE,-39,9
112889,ESC,iPhone de Nassim,26:66:76:1A:9A:65,-49,11
112889,ESC,,DA:47:32:6C:68:61,-61,9
112889,ESC,iPhone de Madjid,1E:FD:77:07:B6:5C,-62,6
112889,ESC,TP-Link_6861,D8:47:32:5C:68:61,-64,9
112889,ESC,iPhone de Arthur,72:65:7E:B7:B2:0B,-71,6
112889,ESC,iPhone de Samir,FA:3D:30:00:E1:68,-71,6
112889,ESC,ISCD,E8:65:D4:72:F9:71,-75,1
112889,ESC,ISCD,E8:65:D4:72:F9:79,-76,6
112889,ESC,,58:D9:D5:41:50:60,-78,10
112889,ESC,DIRECT-57-HP M428fdw LJ,86:69:93:F8:37:57,-79,6
112889,ESC,scaiteam,58:D9:D5:41:50:32,-80,7
112889,ESC,scaiteam,58:D9:D5:41:50:62,-80,10
112889,ESC,eduspot,58:97:BD:CD:93:E0,-81,1
112889,ESC,eduroam,58:97:BD:CD:93:E2,-81,1
112889,ESC,CONGRES,58:97:BD:CD:93:E1,-81,1
112889,ESC,SCAI,58:97:BD:CD:93:E3,-81,1
112889,ESC,,B0:6E:BF:66:91:B8,-84,10
112889,ESC,SCAI,58:97:BD:80:CC:B3,-85,11
112889,ESC,CONGRES,58:97:BD:80:CC:B1,-85,11
112889,ESC,eduroam,58:97:BD:80:CC:B2,-85,11
112889,ESC,eduroam,58:97:BD:CD:92:62,-85,1
112889,ESC,CONGRES,58:97:BD:CD:92:61,-85,1
112889,ESC,eduspot,58:97:BD:CD:92:60,-85,1
112889,ESC,SCAI,58:97:BD:CD:92:63,-85,1
112889,ESC,eduspot,58:97:BD:80:CC:B0,-86,11
112889,ESC,Redmi Note 11,0A:58:D4:84:FE:70,-89,1
112889,ESC,Chemsss Phone,3A:2F:68:20:C6:A6,-90,6
112889,ESC,Yothey,76:8E:87:C5:45:16,-93,6
40149,TOUR 66,iPhone,6A:56:19:04:41:7A,-50,6
40149,TOUR 66,eduroam,00:F6:63:CA:DD:A4,-59,6
40149,TOUR 66,CONGRES,00:F6:63:CA:DD:A2,-59,6
40149,TOUR 66,eduspot,00:F6:63:CA:DD:A1,-59,6
40149,TOUR 66,eduroam,00:F6:63:DD:3C:F4,-78,11
40149,TOUR 66,CONGRES,00:F6:63:DD:3C:F2,-78,11
40149,TOUR 66,eduspot,00:F6:63:DD:3C:F1,-78,11
40149,TOUR 66,ISIR,E8:65:D4:72:A0:D9,-80,11
40149,TOUR 66,ISIR,E8:65:D4:72:A0:E1,-81,1
40149,TOUR 66,eduroam,00:F6:63:C7:2A:74,-82,1
40149,TOUR 66,CONGRES,00:F6:63:C7:2A:72,-82,1
40149,TOUR 66,eduspot,00:F6:63:C7:2A:71,-82,1
40149,TOUR 66,ISIR,E8:65:D4:72:AC:59,-83,6
40149,TOUR 66,eduroam,00:F6:63:AC:D6:34,-84,6
40149,TOUR 66,CONGRES,00:F6:63:AC:D6:32,-85,6
40149,TOUR 66,eduspot,00:F6:63:AC:D6:31,-85,6
40149,TOUR 66,ISIR,E8:65:D4:72:AC:61,-86,1
40149,TOUR 66,ISIR,E8:65:D4:4E:A6:81,-88,6
40149,TOUR 66,ISIR,E8:65:D4:72:A0:D1,-88,1
40149,TOUR 66,ISCD,E8:65:D4:72:F9:71,-89,1
40149,TOUR 66,ISIR,E8:65:D4:72:AC:69,-92,1
18768,TOUR 65,iPhone,6A:56:19:04:41:7A,-48,6
18768,TOUR 65,ISIR,E8:65:D4:72:A0:E1,-82,1
18768,TOUR 65,eduroam,00:F6:63:AC:D6:34,-85,6
18768,TOUR 65,ISIR,E8:65:D4:72:A0:D9,-85,11
18768,TOUR 65,ISIR,E8:65:D4:72:AC:59,-86,6
18768,TOUR 65,ISIR,E8:65:D4:72:A0:D1,-87,1
18768,TOUR 65,ISCD,E8:65:D4:72:F9:71,-88,1
18768,TOUR 65,CONGRES,00:F6:63:AC:D6:32,-89,6
37506,TOUR 65,iPhone,6A:56:19:04:41:7A,-53,6
37506,TOUR 65,GeePs_invite,D0:17:C2:D8:1E:99,-75,7
37506,TOUR 65,WIFI-MIME,D0:17:C2:D8:1E:98,-76,7
37506,TOUR 65,eduroam,58:97:BD:D0:96:B4,-78,1
37506,TOUR 65,CONGRES,58:97:BD:D0:96:B2,-78,1
37506,TOUR 65,eduspot,58:97:BD:D0:96:B1,-78,1
37506,TOUR 65,eduroam,00:F6:63:AC:D6:34,-80,6
37506,TOUR 65,CONGRES,00:F6:63:AC:D6:32,-81,6
37506,TOUR 65,ISIR,E8:65:D4:72:A0:E1,-81,1
37506,TOUR 65,eduspot,00:F6:63:AC:D6:31,-82,6
37506,TOUR 65,RUT200_37F7,20:97:27:0D:37:F7,-85,6
37506,TOUR 65,ISIR,E8:65:D4:72:AC:59,-87,6
37506,TOUR 65,CONGRES,58:97:BD:A5:E1:82,-88,11
37506,TOUR 65,ISCD,E8:65:D4:72:F9:71,-90,1
37506,TOUR 65,eduspot,58:97:BD:A5:E1:81,-90,11
37506,TOUR 65,eduroam,58:97:BD:A5:E1:83,-91,11
37506,TOUR 65,ISIR,E8:65:D4:72:A0:D9,-91,11
37506,TOUR 65,ECNi,58:97:BD:A5:E1:80,-92,11
44945,TOUR 65,iPhone,6A:56:19:04:41:7A,-51,6
44945,TOUR 65,ISCD,E8:65:D4:72:F9:71,-76,1
44945,TOUR 65,ISIR,E8:65:D4:72:A0:D1,-78,1
44945,TOUR 65,ISIR,E8:65:D4:72:A0:E1,-80,1
44945,TOUR 65,CONGRES,00:F6:63:AC:D6:32,-84,6
44945,TOUR 65,eduspot,00:F6:63:AC:D6:31,-85,6
44945,TOUR 65,eduroam,00:F6:63:AC:D6:34,-86,6
44945,TOUR 65,eduspot,00:F6:63:C7:2A:71,-86,1
44945,TOUR 65,eduroam,00:F6:63:C7:2A:74,-88,1
44945,TOUR 65,ISIR,E8:65:D4:72:AC:69,-88,1
44945,TOUR 65,ISIR,E8:65:D4:72:A0:D9,-88,11
44945,TOUR 65,CONGRES,00:F6:63:C7:2A:72,-89,1
44945,TOUR 65,ARLO_VMB_9917332886,FC:9C:98:4F:40:16,-89,1
44945,TOUR 65,ISCD,E8:65:D4:72:F9:79,-90,6
44945,TOUR 65,RUT200_37F7,20:97:27:0D:37:F7,-90,6
44945,TOUR 65,Freebox-6B47F8,DC:00:B0:F7:5F:80,-90,6
44945,TOUR 65,ISIR,E8:65:D4:4E:A6:81,-91,6
44945,TOUR 65,eduroam,00:F6:63:DD:3C:F4,-91,11
44945,TOUR 65,ISIR,E8:65:D4:72:AC:61,-92,1
44945,TOUR 65,scaievent-IoT,9E:18:65:E7:23:6B,-92,4
44945,TOUR 65,CONGRES,00:F6:63:DD:3C:F2,-92,11
44945,TOUR 65,scaievent,94:18:65:E7:23:6B,-93,4
19149,TOUR 65,iPhone,6A:56:19:04:41:7A,-52,6
19149,TOUR 65,RUT200_37F7,20:97:27:0D:37:F7,-80,6
19149,TOUR 65,CONGRES,58:97:BD:D0:96:B2,-83,1
19149,TOUR 65,eduroam,58:97:BD:D0:96:B4,-84,1
19149,TOUR 65,eduspot,58:97:BD:D0:96:B1,-84,1
19149,TOUR 65,ISIR-EXPE,80:AF:CA:59:A4:FA,-84,4
19149,TOUR 65,GeePs_invite,D0:17:C2:D8:1E:99,-84,7
19149,TOUR 65,WIFI-MIME,D0:17:C2:D8:1E:98,-85,7
19149,TOUR 65,ECNi,58:97:BD:A5:E1:80,-86,11
19149,TOUR 65,eduspot,00:F6:63:AC:D6:31,-87,6
19149,TOUR 65,CONGRES,00:F6:63:AC:D6:32,-87,6
19149,TOUR 65,ISIR,E8:65:D4:72:AC:59,-87,6
19149,TOUR 65,CONGRES,58:97:BD:A5:E1:82,-88,11
19149,TOUR 65,eduroam,58:97:BD:A5:E1:83,-88,11
19149,TOUR 65,eduroam,00:F6:63:AC:D6:34,-89,6
19149,TOUR 65,eduspot,58:97:BD:A5:E1:81,-89,11
19149,TOUR 65,ISIR,E8:65:D4:72:A0:E1,-91,1
19149,TOUR 65,ISCD,E8:65:D4:72:F9:71,-92,1
19149,TOUR 65,ISIR,E8:65:D4:72:A0:D9,-92,11
25964,TOUR 65,iPhone,6A:56:19:04:41:7A,-45,6
25964,TOUR 65,GeePs_invite,D0:17:C2:D8:1E:99,-84,7
25964,TOUR 65,WIFI-MIME,D0:17:C2:D8:1E:98,-85,7
25964,TOUR 65,eduspot,58:97:BD:A5:E1:81,-86,11
25964,TOUR 65,eduroam,58:97:BD:A5:E1:83,-86,11
25964,TOUR 65,CONGRES,58:97:BD:D0:96:B2,-88,1
25964,TOUR 65,ECNi,58:97:BD:A5:E1:80,-88,11
25964,TOUR 65,CONGRES,58:97:BD:A5:E1:82,-88,11
25964,TOUR 65,ISIR,E8:65:D4:72:A0:E1,-89,1
25964,TOUR 65,eduroam,40:CE:24:DA:7B:54,-89,11
25964,TOUR 65,RUT200_37F7,20:97:27:0D:37:F7,-90,6
25964,TOUR 65,eduspot,58:97:BD:D0:96:B1,-90,1
25964,TOUR 65,CONGRES,40:CE:24:DA:7B:52,-90,11
25964,TOUR 65,eduspot,40:CE:24:DA:7B:51,-90,11
25964,TOUR 65,ISIR,E8:65:D4:72:A0:D9,-96,11
27192,TOUR 66,iPhone,6A:56:19:04:41:7A,-53,6
27192,TOUR 66,eduroam,00:F6:63:C7:2A:74,-54,1
27192,TOUR 66,CONGRES,00:F6:63:C7:2A:72,-54,1
27192,TOUR 66,eduspot,00:F6:63:C7:2A:71,-54,1
27192,TOUR 66,ISIR,E8:65:D4:72:A0:E1,-76,1
27192,TOUR 66,ISIR,E8:65:D4:72:A0:D1,-77,1
27192,TOUR 66,ISIR,E8:65:D4:72:AC:59,-79,6
27192,TOUR 66,ISIR,E8:65:D4:4E:A6:81,-80,9
27192,TOUR 66,eduroam,00:F6:63:CA:DD:A4,-84,6
27192,TOUR 66,CONGRES,00:F6:63:CA:DD:A2,-84,6
27192,TOUR 66,eduroam,00:F6:63:DD:3C:F4,-84,11
27192,TOUR 66,eduspot,00:F6:63:CA:DD:A1,-85,6
27192,TOUR 66,CONGRES,00:F6:63:DD:3C:F2,-85,11
27192,TOUR 66,eduspot,00:F6:63:DD:3C:F1,-85,11
27192,TOUR 66,ISIR,E8:65:D4:72:A0:D9,-85,11
27192,TOUR 66,ISIR,E8:65:D4:72:AC:69,-86,1
27192,TOUR 66,eduroam,00:F6:63:E6:2E:D4,-88,6
27192,TOUR 66,CONGRES,24:1F:BD:E1:D0:90,-89,6
27192,TOUR 66,eduspot,00:F6:63:E6:2E:D1,-89,6
27192,TOUR 66,CONGRES,00:F6:63:E6:2E:D2,-90,6
27192,TOUR 66,eduroam,24:1F:BD:E1:D0:91,-91,6
27192,TOUR 66,ISIR,E8:65:D4:72:AC:61,-91,1
27192,TOUR 66,CONGRES,24:1F:BD:E2:1E:D0,-92,11
27192,TOUR 66,IMI2S-TIME,80:EA:96:EE:36:2C,-93,6
24876,TOUR 66,iPhone,6A:56:19:04:41:7A,-47,6
24876,TOUR 66,DIRECT-ca-HP M377 LaserJet,96:53:30:69:E7:CA,-75,6
24876,TOUR 66,eduroam,00:F6:63:C7:2A:74,-75,1
24876,TOUR 66,CONGRES,00:F6:63:C7:2A:72,-75,1
24876,TOUR 66,eduspot,00:F6:63:C7:2A:71,-75,1
24876,TOUR 66,GeePs_invite,D0:17:C2:D8:1E:99,-78,7
24876,TOUR 66,WIFI-MIME,D0:17:C2:D8:1E:98,-79,7
24876,TOUR 66,ISIR,E8:65:D4:72:AC:59,-80,6
24876,TOUR 66,ECNi,58:97:BD:A5:E0:B0,-80,11
24876,TOUR 66,eduspot,58:97:BD:A5:E0:B1,-80,11
24876,TOUR 66,CONGRES,58:97:BD:A5:E0:B2,-81,11
24876,TOUR 66,eduroam,58:97:BD:A5:E0:B3,-81,11
24876,TOUR 66,CONGRES,00:F6:63:CA:DD:A2,-82,6
24876,TOUR 66,EDPIF_secure,C4:6E:1F:E7:62:26,-82,2
24876,TOUR 66,eduroam,00:F6:63:CA:DD:A4,-83,6
24876,TOUR 66,eduspot,00:F6:63:CA:DD:A1,-83,6
24876,TOUR 66,ISIR,E8:65:D4:72:A0:E1,-83,1
24876,TOUR 66,ISCD,E8:65:D4:72:F9:71,-88,1
24876,TOUR 66,CONGRES,18:8B:9D:91:F8:72,-89,1
24876,TOUR 66,ISIR,E8:65:D4:4E:A6:81,-90,9
24876,TOUR 66,ISIR,E8:65:D4:72:A0:D9,-91,11
24876,TOUR 66,HUAWEI-B525-9027,D8:9B:3B:DD:90:27,-93,8
22465,TOUR 56,iPhone,6A:56:19:04:41:7A,-64,6
22465,TOUR 56,,12:27:F5:ED:AD:FC,-72,4
22465,TOUR 56,ISIR-LUDICS-105,10:27:F5:CD:AD:FC,-73,4
22465,TOUR 56,eduroam,00:F6:63:DD:3D:C4,-78,1
22465,TOUR 56,CONGRES,00:F6:63:DD:3D:C2,-78,1
22465,TOUR 56,eduspot,00:F6:63:DD:3D:C1,-79,1
22465,TOUR 56,eduspot,84:B2:61:75:82:01,-80,6
22465,TOUR 56,eduroam,84:B2:61:75:82:03,-80,6
22465,TOUR 56,ECNi,84:B2:61:75:82:00,-81,6
22465,TOUR 56,CONGRES,84:B2:61:75:82:02,-81,6
22465,TOUR 56,eduroam,58:97:BD:A5:E1:74,-83,11
22465,TOUR 56,eduspot,58:97:BD:A5:E1:71,-83,11
22465,TOUR 56,CONGRES,58:97:BD:A5:E1:72,-84,11
22465,TOUR 56,eduroam,00:F6:63:E6:2E:D4,-86,6
22465,TOUR 56,eduspot,00:F6:63:E6:2E:D1,-86,6
22465,TOUR 56,CONGRES,00:F6:63:E6:2E:D2,-87,6
22465,TOUR 56,SmartLaparo2,04:D4:C4:0A:AC:F0,-87,1
22465,TOUR 56,eduspot,58:97:BD:A5:E0:B1,-88,11
22465,TOUR 56,CONGRES,58:97:BD:A5:E0:B2,-89,11
22465,TOUR 56,Bulle,4C:60:DE:3C:2C:FC,-91,6
22465,TOUR 56,eduroam,58:97:BD:A5:E0:B3,-91,11
22465,TOUR 56,ECNi,58:97:BD:A5:E0:B0,-92,11
15653,TOUR 46,iPhone,6A:56:19:04:41:7A,-53,6
15653,TOUR 46,Turtlebot_TP_2_4G,F0:A7:31:14:32:75,-66,4
15653,TOUR 46,TP-Link_691E,D8:47:32:5C:69:1E,-67,9
15653,TOUR 46,,DA:47:32:6C:69:1E,-67,9
15653,TOUR 46,eduroam,00:F6:63:DD:36:C4,-75,11
15653,TOUR 46,CONGRES,00:F6:63:DD:36:C2,-75,11
15653,TOUR 46,eduspot,00:F6:63:DD:36:C1,-75,11
15653,TOUR 46,eduroam,00:F2:8B:03:73:54,-80,1
15653,TOUR 46,CONGRES,00:F2:8B:03:73:52,-80,1
15653,TOUR 46,eduspot,00:F2:8B:03:73:51,-81,1
15653,TOUR 46,ECNi,84:B2:61:75:82:00,-82,6
15653,TOUR 46,CONGRES,84:B2:61:75:82:02,-83,6
15653,TOUR 46,eduspot,84:B2:61:75:82:01,-83,6
15653,TOUR 46,eduroam,84:B2:61:75:82:03,-84,6
15653,TOUR 46,eduspot,00:F6:63:AC:D8:31,-89,6
15653,TOUR 46,eduroam,00:F6:63:AC:D8:34,-89,6
15653,TOUR 46,eduroam,00:FE:C8:DD:17:44,-89,6
15653,TOUR 46,eduspot,00:FE:C8:DD:17:41,-90,6
15653,TOUR 46,CONGRES,00:FE:C8:DD:17:42,-91,6
15653,TOUR 46,CONGRES,00:F6:63:AC:D8:32,-91,6
